id,first_name,horas,sueldo
1,Calli,73,9593
2,Jacquette,17,22852
3,Marilin,24,13273
4,Kurt,90,1682
5,Marlon,31,4243
6,Bessy,54,39031
7,Seana,64,92938
8,Frayda,9,57072
9,Illa,84,90832
10,Lisle,45,52712
11,Inger,15,33924
12,Delcina,76,80215
13,Angeline,2,33361
14,Kermit,61,53122
15,Ardys,92,21535
16,Ansel,40,53564
17,Donalt,17,95597
18,Jesse,54,65817
19,Marlow,36,91830
20,Igor,70,5008
21,Jocelyn,56,59722
22,Rhea,78,74363
23,Haleigh,79,8240
24,Theodosia,10,5583
25,Cicily,69,41024
26,Bret,19,22515
27,Eduard,44,90186
28,Jaymie,16,53042
29,Mehetabel,15,15491
30,Saree,17,87865
31,Barb,23,19899
32,Val,74,91166
33,Fonz,49,8897
34,Larina,17,10754
35,Wilone,46,25204
36,Shannon,38,15321
37,Suzanne,72,43936
38,Lucio,90,2315
39,Hoyt,60,41681
40,Melisse,83,87565
41,Brok,82,54404
42,Terry,81,76484
43,Alain,95,47504
44,Cherin,95,2242
45,Hunt,26,45668
46,Brandise,1,8373
47,Lorilee,74,34096
48,Odessa,17,58008
49,Illa,63,95721
50,Walker,41,16087
51,Dory,17,92953
52,Reeba,64,83389
53,Sukey,64,64031
54,Jameson,15,30672
55,Ernesta,59,11690
56,Janella,87,50862
57,Stinky,35,69994
58,Bat,2,78682
59,Auberon,19,71820
60,Norbert,21,86791
61,Rodie,27,70182
62,Darsey,59,90446
63,Desmond,45,25201
64,Jannel,26,39355
65,Therine,92,48100
66,Krisha,31,3144
67,Trixy,30,35719
68,Andy,53,21531
69,Kevyn,96,45857
70,Aigneis,4,23032
71,Bertrando,82,38054
72,Carmencita,19,12799
73,Katharine,65,58167
74,Vasilis,64,7462
75,Ardith,84,79539
76,Graig,70,64615
77,Grata,78,1349
78,Hebert,48,95334
79,Thacher,46,38572
80,Karee,1,4291
81,Fawnia,70,6112
82,Lenore,13,68482
83,Lilah,35,54740
84,April,50,66748
85,Cacilia,20,51358
86,Armand,45,91382
87,Woodie,3,70623
88,Cherise,16,5426
89,Elsbeth,56,19381
90,Jeanette,10,69047
91,Lynnett,97,6287
92,Packston,52,25215
93,Derwin,14,74984
94,Marilee,98,10127
95,Ryon,60,64815
96,Renault,49,30126
97,Vincenz,12,36863
98,Isidor,45,16507
99,Lucita,8,84624
100,Camille,74,24403
101,Cassie,59,17561
102,Korie,23,82388
103,Fredi,81,46235
104,Babbie,51,28111
105,Eddi,64,999
106,Lester,59,29568
107,Ebonee,63,48933
108,Tori,30,51465
109,Noreen,7,71979
110,Orren,10,77633
111,Marlowe,75,7086
112,Gray,77,26408
113,Pippy,74,64080
114,Delano,51,38703
115,Margareta,71,9503
116,Stevana,18,7302
117,Danette,52,75989
118,Sargent,16,89430
119,Gan,47,43565
120,Ursula,28,89385
121,Ruprecht,6,71824
122,Valentina,88,14563
123,Jeromy,88,77077
124,Paton,68,54156
125,Doris,81,74429
126,Goldie,96,17068
127,Amelie,91,21620
128,Janene,60,45912
129,Lanny,23,16181
130,Man,33,80835
131,Ernaline,30,4996
132,Kelcy,98,26996
133,Camila,30,8338
134,Pincas,29,94714
135,Marion,56,4324
136,Luisa,68,82969
137,Fin,24,99063
138,Saundra,56,2465
139,Carlynn,90,21552
140,Rossie,67,11648
141,Maible,74,97665
142,Pincus,79,46419
143,Althea,10,61764
144,Elysha,34,47712
145,Codie,11,70468
146,Brooks,54,24743
147,Dido,91,88285
148,Marcelia,73,16558
149,Livia,91,44783
150,Stinky,18,7802
151,Peadar,51,88879
152,Britt,33,52089
153,Fritz,50,74738
154,Nadia,2,40985
155,Clarie,11,98802
156,Alford,79,86221
157,Dmitri,26,88136
158,Wyatan,74,33556
159,Tanney,35,47908
160,Theodora,10,55270
161,Oralia,29,55493
162,Dedie,66,57537
163,Alon,48,2502
164,Susana,36,61741
165,Nye,53,26189
166,Emmalynne,4,25352
167,Birgit,3,65806
168,Saunderson,94,8167
169,Anne-marie,34,1559
170,Elysia,52,18852
171,Sim,11,57511
172,Frederic,20,4088
173,Yehudit,26,12104
174,Brice,29,49944
175,Rey,45,48098
176,Omero,62,91165
177,Josy,46,72045
178,Harlen,11,10024
179,Shir,11,28766
180,Marlow,54,26367
181,Tyrus,93,10081
182,Roxine,51,37416
183,Violette,98,83231
184,Bambie,91,33980
185,Lucia,82,96737
186,Madelena,48,27386
187,Hewe,68,12088
188,Berny,50,10511
189,Katalin,20,87423
190,Christiane,92,76410
191,Neila,55,63565
192,Cirstoforo,94,23172
193,Danila,62,30304
194,Gradeigh,22,61214
195,Caye,31,44221
196,Robbie,30,65078
197,Abby,41,57705
198,Barrett,71,75367
199,Clarissa,62,59320
200,Alano,85,4420
201,Edd,26,11836
202,Jermaine,57,14412
203,Anatollo,4,32769
204,Aurie,84,1214
205,Nye,7,12314
206,Antonie,58,9723
207,Harrison,15,95313
208,Cyndia,72,45774
209,Murdock,31,37445
210,Connie,39,72975
211,Onfroi,27,42461
212,Bobbi,91,60858
213,Elmer,89,11546
214,Harwell,11,73256
215,Wiley,45,9494
216,Hagen,63,1359
217,Eduardo,54,82434
218,Sisile,22,40757
219,Nancy,26,50937
220,Teddi,84,44323
221,Arleta,64,96128
222,Wilfrid,77,79194
223,Gary,48,2396
224,Demetria,83,65574
225,Kaitlynn,32,60509
226,Audy,91,32157
227,Shanan,84,5998
228,Sky,40,24027
229,Dede,32,3328
230,Shermie,48,92886
231,Kathe,28,10201
232,Boonie,2,40403
233,Bradney,62,77445
234,Emelda,28,66405
235,Lu,33,20240
236,Rozalie,22,24355
237,Dalenna,5,71052
238,Esdras,66,22897
239,Nissie,38,64172
240,Kaia,41,81106
241,Devonne,83,80629
242,Pieter,35,11729
243,Dan,32,62097
244,Shell,31,33037
245,Rosamond,41,77513
246,Ransell,38,32648
247,Aline,74,61381
248,Jessica,25,84517
249,Lianna,13,22271
250,Nerta,43,71364
251,Gayle,93,23594
252,Asa,98,50742
253,Lewiss,16,58659
254,Maressa,78,78996
255,Ivie,86,13940
256,Haily,16,30897
257,Sharron,62,54258
258,Milli,88,26044
259,Micaela,74,63003
260,Stephani,61,62430
261,Suki,42,66968
262,Kakalina,40,66141
263,Emmalee,54,81599
264,Rockwell,60,82851
265,Ginni,20,66341
266,Evelyn,78,69342
267,Balduin,87,93953
268,Melvyn,1,4822
269,Cathi,41,56078
270,Tomkin,2,5933
271,Betta,57,2245
272,Frannie,97,16817
273,Charlotta,60,45775
274,Archibaldo,41,25562
275,Gui,45,59330
276,Lissi,1,32556
277,Adolphus,46,19324
278,Fonzie,23,35079
279,Allyn,38,38539
280,Quill,16,40160
281,Paloma,2,7147
282,Hewie,78,88849
283,Nowell,79,63643
284,Valentine,29,7444
285,Roby,28,33156
286,Upton,71,72337
287,Bryanty,55,77779
288,Creigh,52,87695
289,Kala,86,67600
290,Joela,87,34439
291,Cordi,38,1135
292,Sherlocke,9,9478
293,Deanna,38,37608
294,Cairistiona,15,50289
295,Darda,89,30211
296,Sven,5,97595
297,Allison,82,50987
298,Ingmar,7,23018
299,Tressa,43,17437
300,Garret,95,66121
301,Zelig,63,187
302,Anstice,85,69646
303,Glynnis,95,63462
304,Vick,34,94774
305,Creigh,25,61664
306,Ainsley,48,65155
307,Cleon,15,44726
308,Darrell,46,57410
309,Tabbie,36,91949
310,Roshelle,49,68448
311,Dermot,86,70515
312,Gabi,13,67373
313,Bria,64,55927
314,Hugh,79,95523
315,Flint,19,3721
316,Drud,38,89487
317,Janey,35,40861
318,Lyman,5,95675
319,Guillermo,71,29868
320,Gwen,29,98101
321,Corrianne,95,91469
322,Roshelle,75,10787
323,Raul,76,95392
324,Randie,77,17051
325,Cozmo,7,906
326,Ruthe,70,45181
327,Meggie,28,73347
328,Allistir,56,77861
329,Blisse,28,44473
330,Errick,84,49610
331,Sergent,84,90567
332,Walton,46,25249
333,Kalila,17,6185
334,Norton,53,77251
335,Audrye,1,27750
336,Nessy,40,99943
337,Lilllie,70,62920
338,Lyon,58,32940
339,Janean,76,55813
340,Nils,4,59781
341,Diandra,61,45086
342,Shirl,53,74216
343,Chico,43,78214
344,Alayne,39,60261
345,Stillmann,70,72413
346,Amberly,45,94831
347,Vladimir,64,74482
348,Darryl,89,46674
349,Lauretta,82,83732
350,Neely,68,40856
351,Averill,1,81081
352,Giuseppe,34,26592
353,Chandra,47,49909
354,Cacilia,94,37049
355,Vern,84,56124
356,Gan,98,80979
357,Tiffie,20,51349
358,Jemmy,27,18977
359,Legra,73,86005
360,Julie,73,4513
361,Avie,92,11418
362,Fedora,87,93970
363,Mychal,62,44414
364,Lacie,22,95848
365,Zorah,8,96810
366,Thia,25,94610
367,Erinna,79,11679
368,Burgess,93,65476
369,Kristos,48,11807
370,Arly,45,65794
371,Michaelina,79,83199
372,Horten,8,33421
373,Odelia,81,85415
374,Van,86,87868
375,Binny,68,92621
376,Amity,54,50821
377,Aubry,64,88998
378,Franklyn,38,19960
379,Nicoli,59,86492
380,Antoni,70,29473
381,Allsun,81,24963
382,Artemas,75,28723
383,Flint,28,25088
384,Cassey,43,49426
385,Annmarie,53,2510
386,Fae,30,35196
387,Brock,15,83712
388,Junia,96,42548
389,Meredeth,70,13758
390,Shaine,74,3709
391,Giustina,89,6468
392,Les,53,39241
393,Kippy,36,65723
394,Chanda,56,15647
395,Sue,7,33828
396,Daveta,19,26783
397,Graehme,4,84668
398,Jodee,93,64497
399,Emogene,61,44724
400,Babbette,32,88155
401,Grayce,98,16074
402,Nancee,35,40121
403,Kira,27,48446
404,Karlens,91,67271
405,Pip,9,72470
406,Abram,74,43374
407,Humphrey,53,43452
408,Elsbeth,27,56276
409,Daisy,49,79442
410,Marieann,37,37669
411,Lynette,22,72251
412,Marina,98,99104
413,Enriqueta,26,28481
414,Darbee,99,35261
415,Carmencita,64,31047
416,Katharina,8,95616
417,Frazer,98,80836
418,Karin,91,80985
419,Bellanca,36,34983
420,Kimberly,42,23814
421,Connor,35,39124
422,Lee,97,72087
423,Christian,67,4909
424,Stephine,49,66899
425,Kevan,98,96313
426,Carlin,66,31985
427,Waldon,27,81770
428,Katey,34,44304
429,Winny,10,86148
430,Jimmy,47,1372
431,Revkah,30,97172
432,Rupert,14,28010
433,Mil,19,70564
434,Berty,60,16737
435,Micheline,39,67146
436,Corinna,16,73624
437,Vonnie,9,88389
438,Broddie,56,9768
439,Murry,68,71435
440,Katya,82,35602
441,Bradford,5,55388
442,Ayn,86,98606
443,Adoree,80,41164
444,Arty,4,13557
445,Connie,3,42211
446,Chrissy,19,22228
447,Alfredo,89,23141
448,Armin,34,5422
449,Keefer,73,36287
450,Rosalind,72,88128
451,Micheal,19,48547
452,Mitzi,31,88700
453,Aurelie,96,98530
454,Elvira,97,4400
455,Kacey,4,53922
456,Ursa,58,40636
457,Kellia,3,23045
458,Care,1,85782
459,Dilan,81,97202
460,Andrea,32,3764
461,Vivianna,31,32245
462,Phillipp,51,63586
463,Kettie,14,61714
464,Carmelia,90,62093
465,Kelbee,79,8431
466,Ariella,74,66573
467,Pip,35,48192
468,Stepha,57,91271
469,Jana,10,52644
470,Randolph,12,60607
471,Rochella,74,64688
472,Nerta,84,93760
473,Lydon,41,55849
474,Meg,34,57485
475,Duke,18,68689
476,Osborne,69,4961
477,Quinn,84,43597
478,Karl,89,10768
479,Shawnee,68,20661
480,Sonny,66,62326
481,Alexia,27,76248
482,Jo-anne,95,27013
483,Claudelle,76,94117
484,Aridatha,68,43131
485,Bert,54,76401
486,Eldridge,44,84943
487,Griz,4,68632
488,Vassily,37,78679
489,Carleton,54,27345
490,Marie-jeanne,10,20115
491,Shawnee,12,84094
492,Cecelia,25,43505
493,Rania,69,3744
494,Heloise,31,89344
495,Aurelia,24,30995
496,Pembroke,91,60365
497,George,95,82870
498,Gianna,51,41189
499,Candis,44,5381
500,Karyn,90,44547
501,Truda,91,36964
502,Frasier,85,15532
503,Eleen,77,61415
504,Spenser,76,37067
505,Gavra,65,11756
506,Aurora,10,24536
507,Davida,33,50967
508,Jillana,79,96010
509,Cornelius,93,47675
510,Abagail,55,67340
511,Cathie,52,44980
512,Julianna,98,56973
513,Farris,5,68980
514,Faustine,85,79144
515,Konstantin,44,99617
516,Perla,18,61049
517,Sully,7,53033
518,Aubrey,16,32703
519,Celestyna,81,97896
520,Falito,48,13413
521,Derby,43,57948
522,Diane,28,93572
523,Antin,33,94864
524,Lindsey,76,24828
525,Wilburt,56,86776
526,Davie,36,57286
527,Tine,46,42702
528,Nikoletta,6,81363
529,Misty,50,31954
530,Goddart,67,76651
531,Isabelita,79,25977
532,Ingeborg,86,61578
533,Tull,40,12049
534,Aleen,37,44543
535,Claiborn,16,52253
536,Carol,90,1376
537,Ferdy,51,56157
538,Isabella,28,8312
539,Veriee,56,87053
540,Duane,38,46037
541,Marjorie,65,66856
542,Gino,36,89649
543,Stephannie,77,6796
544,Carey,95,40926
545,Brittney,60,46368
546,Ivett,84,29749
547,Sheryl,12,7445
548,Krishnah,23,27350
549,Haley,97,12113
550,Edgard,62,59218
551,Hebert,31,37675
552,Jard,77,19352
553,Loretta,28,45355
554,Norene,18,72922
555,Danny,8,63574
556,Lindsay,73,37922
557,Efren,37,59499
558,Stefanie,55,84147
559,Corrinne,49,36558
560,Doralyn,52,62205
561,Anissa,58,52841
562,Miles,17,39135
563,Almeda,51,6609
564,Vere,75,99482
565,Gwennie,85,68316
566,Norina,17,28449
567,Maxwell,56,35007
568,Christy,94,26115
569,Joseito,64,77667
570,Di,14,4341
571,Chandra,59,11825
572,Charlotta,41,4956
573,Enos,39,12585
574,Mildrid,41,9167
575,Fredrick,36,16316
576,Lowe,54,31730
577,Lesya,81,6104
578,Karlotte,99,4552
579,Dulcia,4,99486
580,Sadye,34,77738
581,Johanna,42,4783
582,Lissi,56,55286
583,Greg,99,19249
584,Manolo,84,61022
585,Donall,99,32414
586,Ara,66,9015
587,Isacco,15,34379
588,Ericka,43,57847
589,Darwin,29,26771
590,Allys,42,6692
591,Regan,55,8109
592,Dannye,9,55214
593,Hattie,91,66380
594,Malissia,65,14846
595,Eveleen,31,51228
596,Dunc,61,88667
597,Stillman,31,53043
598,Anne-corinne,92,16510
599,Tam,81,96652
600,Grayce,12,90277
601,Georas,2,1201
602,Stacey,17,77978
603,Ilyssa,82,89327
604,Abraham,47,74351
605,Yvonne,10,54743
606,Niven,88,52992
607,Perry,50,29843
608,Faunie,20,33226
609,Sile,18,47345
610,Nikolas,69,63523
611,Ikey,56,17993
612,Tremaine,67,43034
613,Indira,68,89032
614,Octavia,15,86173
615,Monte,15,34955
616,Elnora,21,71766
617,Tades,3,93923
618,Marshal,15,63921
619,Danice,87,60928
620,Janice,46,78494
621,Marwin,8,14070
622,Dorene,15,93790
623,Janos,79,29937
624,Ashlie,56,5960
625,Lilla,63,65199
626,Ottilie,32,64356
627,Nola,1,56673
628,Lorilyn,57,55979
629,Rosabella,83,1076
630,Amber,53,61766
631,Willie,98,75502
632,Fulton,51,22253
633,Marlena,30,67854
634,Bank,48,2207
635,Dave,63,41452
636,Mathew,22,95744
637,Timmi,65,19129
638,Juieta,26,4463
639,Rik,41,12715
640,Mufi,66,43908
641,Mariana,96,71675
642,Ty,100,64525
643,Noelyn,38,36429
644,Butch,79,23296
645,Mariel,37,16631
646,Bar,70,47521
647,Judi,64,75664
648,Ali,87,92438
649,Baron,83,78193
650,Barnebas,65,77013
651,Winn,49,25432
652,Stepha,23,75455
653,Billy,84,56349
654,Rozina,33,23140
655,Ravi,97,13909
656,Gonzales,52,8674
657,Jud,46,40531
658,Tatiania,51,68346
659,Judith,18,45763
660,Ash,19,75692
661,Ella,87,63903
662,Winn,2,95098
663,Dreddy,1,83532
664,Fallon,59,1931
665,Nickolai,17,30994
666,Dennison,57,1617
667,Garek,62,77511
668,Marabel,70,52507
669,Shirlee,50,60394
670,Aundrea,27,63562
671,Bondie,89,27392
672,Gregorio,47,95066
673,Reese,9,68857
674,Lucas,35,54984
675,Mose,51,91775
676,Ami,42,72619
677,Fan,46,90803
678,Mehetabel,61,82430
679,Terra,84,48079
680,Pernell,26,26434
681,Shandy,100,81188
682,Romy,33,85380
683,Wes,72,69795
684,Martie,51,99884
685,Francine,61,54043
686,Natalie,34,8251
687,Pieter,60,21343
688,Arlyne,16,70200
689,Nedi,7,68308
690,Tasia,41,63539
691,Olympia,82,77211
692,Annabell,51,29302
693,Basilio,73,3065
694,Callie,53,99697
695,Kelila,18,98412
696,Wyatt,66,38992
697,Connie,11,93067
698,Nickola,52,70389
699,Ware,17,65755
700,Ranee,47,8597
701,Waverly,31,48677
702,Kat,46,79355
703,Bernardo,64,95248
704,Winfield,23,43844
705,Reinaldos,19,62650
706,Burty,30,28147
707,Crawford,42,53195
708,Merilyn,75,673
709,Ariel,17,39766
710,Heywood,17,66666
711,Fannie,24,17345
712,Norrie,90,10150
713,Rickie,31,49263
714,Philippe,43,68286
715,Vinnie,44,29774
716,Clayson,53,81959
717,Ariadne,20,34411
718,Faun,77,66163
719,Sheridan,80,86719
720,Leonardo,82,34106
721,Minette,19,60470
722,Grange,23,39710
723,Dagmar,73,14948
724,Stephine,51,49220
725,Tymothy,80,80191
726,Cristiano,39,73103
727,Domenic,92,45273
728,Tania,38,94686
729,Gabi,51,99144
730,Ynez,94,35365
731,Kynthia,85,98660
732,Aguistin,35,36856
733,Fan,12,88696
734,Maggee,100,88016
735,Kim,30,22188
736,Nero,18,61322
737,Sofie,68,41056
738,Chas,60,87582
739,Norton,79,59607
740,Ximenes,62,77052
741,Pippa,23,20686
742,Linnea,82,9238
743,Michal,37,5521
744,Anatola,60,59424
745,Haroun,61,10910
746,Deena,55,78659
747,Raf,93,54388
748,Devinne,71,22646
749,Hermie,58,82096
750,Jonathon,3,47764
751,Leola,3,97379
752,Nichols,46,48734
753,Hedwig,11,37010
754,Olympia,69,42587
755,Dwight,28,70543
756,Brigid,77,77937
757,Harcourt,64,83353
758,Allison,5,90821
759,Guy,18,77895
760,Shelia,93,90051
761,Boone,85,92253
762,Benoit,57,41417
763,Susy,4,86445
764,Dagmar,96,11661
765,Caril,16,96975
766,Roz,85,22238
767,Salvatore,63,51192
768,Heywood,12,1210
769,Uri,31,60223
770,Gretel,87,34891
771,Hillel,48,89624
772,Hubey,63,57370
773,Ivory,51,71645
774,Dina,29,74941
775,Bjorn,77,17986
776,Koenraad,64,60958
777,Cloe,9,82653
778,Sutherland,59,26968
779,Clemente,1,17935
780,Brandy,44,19480
781,Paulie,99,29859
782,Nealson,22,9017
783,Vivia,83,70030
784,Reginauld,46,13563
785,Thane,84,50121
786,Corinne,28,35376
787,Sibley,50,76972
788,Leilah,2,64504
789,Lucie,4,88041
790,Donnie,96,10548
791,Rickard,89,22882
792,Verla,90,21363
793,Alain,47,38805
794,Hector,40,15702
795,Jackie,91,76591
796,Donnell,33,31611
797,Karissa,43,72034
798,Odelle,79,59663
799,Marcille,89,57134
800,Vergil,74,49540
801,Derrick,63,29471
802,Teresa,37,85029
803,Caria,20,10060
804,Aylmer,97,60439
805,Vi,24,67972
806,Albie,28,27662
807,Richy,21,1466
808,Sheri,18,95893
809,Nataline,55,6294
810,Gustaf,11,96840
811,Cedric,47,38219
812,Calli,36,34035
813,Gaultiero,19,34038
814,Eamon,47,73275
815,Eziechiele,70,26063
816,Boniface,11,6090
817,Shepherd,25,97775
818,Rhianon,45,91094
819,Wolfgang,98,13378
820,Dosi,85,18797
821,Trixy,19,9506
822,Sabina,87,52062
823,Sonja,15,10947
824,Serena,82,70505
825,Arlie,94,94704
826,Sanderson,53,24747
827,Terrye,60,31153
828,Damita,25,75099
829,Drucill,65,32537
830,Kimball,85,60035
831,Marilin,16,35929
832,Terri-jo,100,46785
833,Leigh,35,55478
834,Sonnie,80,37350
835,Hall,74,57818
836,Lorenzo,61,52695
837,Aimil,6,52219
838,Meta,56,66654
839,Oberon,94,42911
840,Verne,35,47957
841,Andie,97,40371
842,Hunfredo,48,50056
843,Caitlin,65,37385
844,Errick,42,23635
845,Freddie,30,47729
846,Dione,96,26902
847,Kiel,81,71740
848,Mitchel,20,82234
849,Boony,58,8015
850,Cari,3,47182
851,Tessie,22,21969
852,Shanna,43,47871
853,Ania,30,67713
854,Eric,28,74619
855,Hettie,72,27585
856,Rosanne,29,35905
857,Dino,93,49994
858,Zarah,2,93908
859,Alyse,47,2389
860,Cobb,82,56496
861,Hertha,82,33677
862,Ailene,62,9680
863,Ches,87,17693
864,Morgen,36,62879
865,Blakelee,92,3391
866,Ozzy,20,31505
867,Carolyn,82,68314
868,Allene,92,8621
869,Aguste,1,28959
870,Pennie,82,87840
871,Monroe,25,63766
872,Orelia,92,23525
873,Hasheem,52,50121
874,Merrie,37,33008
875,Loraine,81,88594
876,Ame,10,29299
877,Ginni,92,85198
878,Analise,55,77723
879,Jules,57,45937
880,Cammy,7,44463
881,Shay,3,71393
882,Osgood,69,28254
883,Helli,10,36565
884,Wallis,68,63735
885,Phillis,69,70235
886,Onida,96,69415
887,Salvador,23,94354
888,Carr,14,29629
889,Karita,41,9278
890,Bonnie,97,20884
891,Kelcey,19,21214
892,Elna,8,18739
893,Dory,93,77846
894,Thomasa,59,17838
895,Vere,22,94349
896,Vinny,18,76396
897,Thekla,47,24854
898,Abbey,25,764
899,Briggs,64,18573
900,Hughie,85,30531
901,Edik,98,7596
902,Briana,17,55158
903,Vlad,94,48162
904,Lettie,15,53426
905,Nerita,59,97194
906,Kimmi,91,32726
907,Rikki,22,47077
908,Daniella,81,67518
909,Johan,100,18011
910,Orelie,30,92274
911,Dennis,42,63996
912,Madeleine,23,91032
913,Jobye,83,30824
914,Regine,8,27577
915,Evania,14,97915
916,Rozanne,10,52020
917,Munroe,4,70605
918,Kiel,57,59797
919,Barnett,3,77631
920,Trent,17,98439
921,Loraine,8,93989
922,Fredrick,20,30515
923,Georgeanna,23,74484
924,Kacey,36,75900
925,Trista,38,20692
926,Bonnie,100,68471
927,Rancell,45,53329
928,Joela,38,13293
929,Alexia,96,68639
930,Hertha,82,34913
931,Kynthia,86,56864
932,Ardyce,83,23904
933,Tallulah,50,55212
934,Fredek,52,4588
935,Cecilius,28,68535
936,Christalle,72,51185
937,Hughie,15,51703
938,Edsel,10,51594
939,Concordia,13,81105
940,Viviana,82,52659
941,Maureen,34,5751
942,Annie,2,79711
943,Ody,97,65196
944,Kailey,4,96281
945,Ailey,86,76257
946,Jorey,91,32746
947,Janeta,46,7490
948,Nicolais,22,47807
949,Kenn,79,41857
950,Ivory,8,59199
951,Evania,64,73849
952,Charlie,32,10218
953,Emlynne,64,47211
954,Sidoney,75,63872
955,Cindie,74,7259
956,Terrye,5,37466
957,Mario,13,23280
958,Malissa,83,79359
959,Alford,23,33119
960,Con,82,1867
961,Brigid,69,1991
962,Wain,33,92749
963,Ilsa,91,93039
964,Kenna,57,81896
965,Engracia,65,27293
966,Thalia,66,16424
967,Meriel,98,69933
968,Natalina,79,53857
969,Sayre,20,6141
970,Valerye,83,29543
971,Gibbie,40,19157
972,Anson,1,3827
973,Paquito,19,36640
974,Junina,16,19031
975,Maynard,52,1461
976,Ferguson,39,74168
977,Alick,31,24006
978,Stacia,32,55486
979,Ardyth,49,63725
980,Loydie,67,69961
981,Samuele,7,68829
982,Meggi,66,85765
983,Grace,29,19739
984,Tommy,21,27165
985,Tedi,46,82389
986,Saunderson,86,73677
987,Leslie,76,97317
988,Nanice,31,91013
989,Michell,50,80405
990,Judi,36,38416
991,Hanna,89,90495
992,Josephina,23,56847
993,Eduino,34,67590
994,Evelyn,80,20376
995,Ches,27,2794
996,Amelie,25,3073
997,Tamra,30,33436
998,Erek,64,992
999,Jeri,76,40392
1000,Waneta,34,18785
